Provincia de procedencia;Relación entre procedencia y destino;Nacionalidad;Sexo;Total
Total procedencia;Total;Total;Total;1.479.117
Total procedencia;Total;Total;Hombres;744.269
Total procedencia;Total;Total;Mujeres;734.848
Total procedencia;Total;Españoles;Total;1.165.795
Total procedencia;Total;Españoles;Hombres;582.774
Total procedencia;Total;Españoles;Mujeres;583.021
Total procedencia;Total;Extranjeros;Total;313.322
Total procedencia;Total;Extranjeros;Hombres;161.495
Total procedencia;Total;Extranjeros;Mujeres;151.827
Total procedencia;A la misma provincia;Total;Total;888.225
Total procedencia;A la misma provincia;Total;Hombres;440.801
Total procedencia;A la misma provincia;Total;Mujeres;447.424
Total procedencia;A la misma provincia;Españoles;Total;711.817
Total procedencia;A la misma provincia;Españoles;Hombres;353.419
Total procedencia;A la misma provincia;Españoles;Mujeres;358.398
Total procedencia;A la misma provincia;Extranjeros;Total;176.408
Total procedencia;A la misma provincia;Extranjeros;Hombres;87.382
Total procedencia;A la misma provincia;Extranjeros;Mujeres;89.026
Total procedencia;A otras provincias;Total;Total;590.892
Total procedencia;A otras provincias;Total;Hombres;303.468
Total procedencia;A otras provincias;Total;Mujeres;287.424
Total procedencia;A otras provincias;Españoles;Total;453.978
Total procedencia;A otras provincias;Españoles;Hombres;229.355
Total procedencia;A otras provincias;Españoles;Mujeres;224.623
Total procedencia;A otras provincias;Extranjeros;Total;136.914
Total procedencia;A otras provincias;Extranjeros;Hombres;74.113
Total procedencia;A otras provincias;Extranjeros;Mujeres;62.801
Albacete;Total;Total;Total;9.746
Albacete;Total;Total;Hombres;4.906
Albacete;Total;Total;Mujeres;4.840
Albacete;Total;Españoles;Total;7.724
Albacete;Total;Españoles;Hombres;3.805
Albacete;Total;Españoles;Mujeres;3.919
Albacete;Total;Extranjeros;Total;2.022
Albacete;Total;Extranjeros;Hombres;1.101
Albacete;Total;Extranjeros;Mujeres;921
Albacete;A la misma provincia;Total;Total;3.243
Albacete;A la misma provincia;Total;Hombres;1.592
Albacete;A la misma provincia;Total;Mujeres;1.651
Albacete;A la misma provincia;Españoles;Total;2.815
Albacete;A la misma provincia;Españoles;Hombres;1.392
Albacete;A la misma provincia;Españoles;Mujeres;1.423
Albacete;A la misma provincia;Extranjeros;Total;428
Albacete;A la misma provincia;Extranjeros;Hombres;200
Albacete;A la misma provincia;Extranjeros;Mujeres;228
Albacete;A otras provincias;Total;Total;6.503
Albacete;A otras provincias;Total;Hombres;3.314
Albacete;A otras provincias;Total;Mujeres;3.189
Albacete;A otras provincias;Españoles;Total;4.909
Albacete;A otras provincias;Españoles;Hombres;2.413
Albacete;A otras provincias;Españoles;Mujeres;2.496
Albacete;A otras provincias;Extranjeros;Total;1.594
Albacete;A otras provincias;Extranjeros;Hombres;901
Albacete;A otras provincias;Extranjeros;Mujeres;693
Alicante/Alacant;Total;Total;Total;60.047
Alicante/Alacant;Total;Total;Hombres;30.389
Alicante/Alacant;Total;Total;Mujeres;29.658
Alicante/Alacant;Total;Españoles;Total;41.729
Alicante/Alacant;Total;Españoles;Hombres;20.711
Alicante/Alacant;Total;Españoles;Mujeres;21.018
Alicante/Alacant;Total;Extranjeros;Total;18.318
Alicante/Alacant;Total;Extranjeros;Hombres;9.678
Alicante/Alacant;Total;Extranjeros;Mujeres;8.640
Alicante/Alacant;A la misma provincia;Total;Total;35.769
Alicante/Alacant;A la misma provincia;Total;Hombres;17.915
Alicante/Alacant;A la misma provincia;Total;Mujeres;17.854
Alicante/Alacant;A la misma provincia;Españoles;Total;25.096
Alicante/Alacant;A la misma provincia;Españoles;Hombres;12.478
Alicante/Alacant;A la misma provincia;Españoles;Mujeres;12.618
Alicante/Alacant;A la misma provincia;Extranjeros;Total;10.673
Alicante/Alacant;A la misma provincia;Extranjeros;Hombres;5.437
Alicante/Alacant;A la misma provincia;Extranjeros;Mujeres;5.236
Alicante/Alacant;A otras provincias;Total;Total;24.278
Alicante/Alacant;A otras provincias;Total;Hombres;12.474
Alicante/Alacant;A otras provincias;Total;Mujeres;11.804
Alicante/Alacant;A otras provincias;Españoles;Total;16.633
Alicante/Alacant;A otras provincias;Españoles;Hombres;8.233
Alicante/Alacant;A otras provincias;Españoles;Mujeres;8.400
Alicante/Alacant;A otras provincias;Extranjeros;Total;7.645
Alicante/Alacant;A otras provincias;Extranjeros;Hombres;4.241
Alicante/Alacant;A otras provincias;Extranjeros;Mujeres;3.404
Almería;Total;Total;Total;23.153
Almería;Total;Total;Hombres;12.008
Almería;Total;Total;Mujeres;11.145
Almería;Total;Españoles;Total;16.371
Almería;Total;Españoles;Hombres;8.089
Almería;Total;Españoles;Mujeres;8.282
Almería;Total;Extranjeros;Total;6.782
Almería;Total;Extranjeros;Hombres;3.919
Almería;Total;Extranjeros;Mujeres;2.863
Almería;A la misma provincia;Total;Total;13.393
Almería;A la misma provincia;Total;Hombres;6.780
Almería;A la misma provincia;Total;Mujeres;6.613
Almería;A la misma provincia;Españoles;Total;9.799
Almería;A la misma provincia;Españoles;Hombres;4.754
Almería;A la misma provincia;Españoles;Mujeres;5.045
Almería;A la misma provincia;Extranjeros;Total;3.594
Almería;A la misma provincia;Extranjeros;Hombres;2.026
Almería;A la misma provincia;Extranjeros;Mujeres;1.568
Almería;A otras provincias;Total;Total;9.760
Almería;A otras provincias;Total;Hombres;5.228
Almería;A otras provincias;Total;Mujeres;4.532
Almería;A otras provincias;Españoles;Total;6.572
Almería;A otras provincias;Españoles;Hombres;3.335
Almería;A otras provincias;Españoles;Mujeres;3.237
Almería;A otras provincias;Extranjeros;Total;3.188
Almería;A otras provincias;Extranjeros;Hombres;1.893
Almería;A otras provincias;Extranjeros;Mujeres;1.295
Araba/Álava;Total;Total;Total;7.278
Araba/Álava;Total;Total;Hombres;3.769
Araba/Álava;Total;Total;Mujeres;3.509
Araba/Álava;Total;Españoles;Total;5.693
Araba/Álava;Total;Españoles;Hombres;2.890
Araba/Álava;Total;Españoles;Mujeres;2.803
Araba/Álava;Total;Extranjeros;Total;1.585
Araba/Álava;Total;Extranjeros;Hombres;879
Araba/Álava;Total;Extranjeros;Mujeres;706
Araba/Álava;A la misma provincia;Total;Total;2.552
Araba/Álava;A la misma provincia;Total;Hombres;1.289
Araba/Álava;A la misma provincia;Total;Mujeres;1.263
Araba/Álava;A la misma provincia;Españoles;Total;2.076
Araba/Álava;A la misma provincia;Españoles;Hombres;1.042
Araba/Álava;A la misma provincia;Españoles;Mujeres;1.034
Araba/Álava;A la misma provincia;Extranjeros;Total;476
Araba/Álava;A la misma provincia;Extranjeros;Hombres;247
Araba/Álava;A la misma provincia;Extranjeros;Mujeres;229
Araba/Álava;A otras provincias;Total;Total;4.726
Araba/Álava;A otras provincias;Total;Hombres;2.480
Araba/Álava;A otras provincias;Total;Mujeres;2.246
Araba/Álava;A otras provincias;Españoles;Total;3.617
Araba/Álava;A otras provincias;Españoles;Hombres;1.848
Araba/Álava;A otras provincias;Españoles;Mujeres;1.769
Araba/Álava;A otras provincias;Extranjeros;Total;1.109
Araba/Álava;A otras provincias;Extranjeros;Hombres;632
Araba/Álava;A otras provincias;Extranjeros;Mujeres;477
Asturias;Total;Total;Total;24.953
Asturias;Total;Total;Hombres;12.316
Asturias;Total;Total;Mujeres;12.637
Asturias;Total;Españoles;Total;21.870
Asturias;Total;Españoles;Hombres;10.870
Asturias;Total;Españoles;Mujeres;11.000
Asturias;Total;Extranjeros;Total;3.083
Asturias;Total;Extranjeros;Hombres;1.446
Asturias;Total;Extranjeros;Mujeres;1.637
Asturias;A la misma provincia;Total;Total;15.342
Asturias;A la misma provincia;Total;Hombres;7.495
Asturias;A la misma provincia;Total;Mujeres;7.847
Asturias;A la misma provincia;Españoles;Total;13.905
Asturias;A la misma provincia;Españoles;Hombres;6.889
Asturias;A la misma provincia;Españoles;Mujeres;7.016
Asturias;A la misma provincia;Extranjeros;Total;1.437
Asturias;A la misma provincia;Extranjeros;Hombres;606
Asturias;A la misma provincia;Extranjeros;Mujeres;831
Asturias;A otras provincias;Total;Total;9.611
Asturias;A otras provincias;Total;Hombres;4.821
Asturias;A otras provincias;Total;Mujeres;4.790
Asturias;A otras provincias;Españoles;Total;7.965
Asturias;A otras provincias;Españoles;Hombres;3.981
Asturias;A otras provincias;Españoles;Mujeres;3.984
Asturias;A otras provincias;Extranjeros;Total;1.646
Asturias;A otras provincias;Extranjeros;Hombres;840
Asturias;A otras provincias;Extranjeros;Mujeres;806
Ávila;Total;Total;Total;5.492
Ávila;Total;Total;Hombres;2.698
Ávila;Total;Total;Mujeres;2.794
Ávila;Total;Españoles;Total;4.501
Ávila;Total;Españoles;Hombres;2.230
Ávila;Total;Españoles;Mujeres;2.271
Ávila;Total;Extranjeros;Total;991
Ávila;Total;Extranjeros;Hombres;468
Ávila;Total;Extranjeros;Mujeres;523
Ávila;A la misma provincia;Total;Total;1.361
Ávila;A la misma provincia;Total;Hombres;657
Ávila;A la misma provincia;Total;Mujeres;704
Ávila;A la misma provincia;Españoles;Total;1.166
Ávila;A la misma provincia;Españoles;Hombres;564
Ávila;A la misma provincia;Españoles;Mujeres;602
Ávila;A la misma provincia;Extranjeros;Total;195
Ávila;A la misma provincia;Extranjeros;Hombres;93
Ávila;A la misma provincia;Extranjeros;Mujeres;102
Ávila;A otras provincias;Total;Total;4.131
Ávila;A otras provincias;Total;Hombres;2.041
Ávila;A otras provincias;Total;Mujeres;2.090
Ávila;A otras provincias;Españoles;Total;3.335
Ávila;A otras provincias;Españoles;Hombres;1.666
Ávila;A otras provincias;Españoles;Mujeres;1.669
Ávila;A otras provincias;Extranjeros;Total;796
Ávila;A otras provincias;Extranjeros;Hombres;375
Ávila;A otras provincias;Extranjeros;Mujeres;421
Badajoz;Total;Total;Total;15.612
Badajoz;Total;Total;Hombres;7.787
Badajoz;Total;Total;Mujeres;7.825
Badajoz;Total;Españoles;Total;13.885
Badajoz;Total;Españoles;Hombres;6.978
Badajoz;Total;Españoles;Mujeres;6.907
Badajoz;Total;Extranjeros;Total;1.727
Badajoz;Total;Extranjeros;Hombres;809
Badajoz;Total;Extranjeros;Mujeres;918
Badajoz;A la misma provincia;Total;Total;6.667
Badajoz;A la misma provincia;Total;Hombres;3.225
Badajoz;A la misma provincia;Total;Mujeres;3.442
Badajoz;A la misma provincia;Españoles;Total;6.097
Badajoz;A la misma provincia;Españoles;Hombres;2.977
Badajoz;A la misma provincia;Españoles;Mujeres;3.120
Badajoz;A la misma provincia;Extranjeros;Total;570
Badajoz;A la misma provincia;Extranjeros;Hombres;248
Badajoz;A la misma provincia;Extranjeros;Mujeres;322
Badajoz;A otras provincias;Total;Total;8.945
Badajoz;A otras provincias;Total;Hombres;4.562
Badajoz;A otras provincias;Total;Mujeres;4.383
Badajoz;A otras provincias;Españoles;Total;7.788
Badajoz;A otras provincias;Españoles;Hombres;4.001
Badajoz;A otras provincias;Españoles;Mujeres;3.787
Badajoz;A otras provincias;Extranjeros;Total;1.157
Badajoz;A otras provincias;Extranjeros;Hombres;561
Badajoz;A otras provincias;Extranjeros;Mujeres;596
Balears, Illes;Total;Total;Total;46.577
Balears, Illes;Total;Total;Hombres;23.834
Balears, Illes;Total;Total;Mujeres;22.743
Balears, Illes;Total;Españoles;Total;35.719
Balears, Illes;Total;Españoles;Hombres;18.143
Balears, Illes;Total;Españoles;Mujeres;17.576
Balears, Illes;Total;Extranjeros;Total;10.858
Balears, Illes;Total;Extranjeros;Hombres;5.691
Balears, Illes;Total;Extranjeros;Mujeres;5.167
Balears, Illes;A la misma provincia;Total;Total;27.399
Balears, Illes;A la misma provincia;Total;Hombres;13.536
Balears, Illes;A la misma provincia;Total;Mujeres;13.863
Balears, Illes;A la misma provincia;Españoles;Total;20.507
Balears, Illes;A la misma provincia;Españoles;Hombres;10.119
Balears, Illes;A la misma provincia;Españoles;Mujeres;10.388
Balears, Illes;A la misma provincia;Extranjeros;Total;6.892
Balears, Illes;A la misma provincia;Extranjeros;Hombres;3.417
Balears, Illes;A la misma provincia;Extranjeros;Mujeres;3.475
Balears, Illes;A otras provincias;Total;Total;19.178
Balears, Illes;A otras provincias;Total;Hombres;10.298
Balears, Illes;A otras provincias;Total;Mujeres;8.880
Balears, Illes;A otras provincias;Españoles;Total;15.212
Balears, Illes;A otras provincias;Españoles;Hombres;8.024
Balears, Illes;A otras provincias;Españoles;Mujeres;7.188
Balears, Illes;A otras provincias;Extranjeros;Total;3.966
Balears, Illes;A otras provincias;Extranjeros;Hombres;2.274
Balears, Illes;A otras provincias;Extranjeros;Mujeres;1.692
Barcelona;Total;Total;Total;197.877
Barcelona;Total;Total;Hombres;99.680
Barcelona;Total;Total;Mujeres;98.197
Barcelona;Total;Españoles;Total;149.785
Barcelona;Total;Españoles;Hombres;74.602
Barcelona;Total;Españoles;Mujeres;75.183
Barcelona;Total;Extranjeros;Total;48.092
Barcelona;Total;Extranjeros;Hombres;25.078
Barcelona;Total;Extranjeros;Mujeres;23.014
Barcelona;A la misma provincia;Total;Total;148.152
Barcelona;A la misma provincia;Total;Hombres;74.264
Barcelona;A la misma provincia;Total;Mujeres;73.888
Barcelona;A la misma provincia;Españoles;Total;112.672
Barcelona;A la misma provincia;Españoles;Hombres;56.176
Barcelona;A la misma provincia;Españoles;Mujeres;56.496
Barcelona;A la misma provincia;Extranjeros;Total;35.480
Barcelona;A la misma provincia;Extranjeros;Hombres;18.088
Barcelona;A la misma provincia;Extranjeros;Mujeres;17.392
Barcelona;A otras provincias;Total;Total;49.725
Barcelona;A otras provincias;Total;Hombres;25.416
Barcelona;A otras provincias;Total;Mujeres;24.309
Barcelona;A otras provincias;Españoles;Total;37.113
Barcelona;A otras provincias;Españoles;Hombres;18.426
Barcelona;A otras provincias;Españoles;Mujeres;18.687
Barcelona;A otras provincias;Extranjeros;Total;12.612
Barcelona;A otras provincias;Extranjeros;Hombres;6.990
Barcelona;A otras provincias;Extranjeros;Mujeres;5.622
Bizkaia;Total;Total;Total;36.348
Bizkaia;Total;Total;Hombres;18.566
Bizkaia;Total;Total;Mujeres;17.782
Bizkaia;Total;Españoles;Total;28.310
Bizkaia;Total;Españoles;Hombres;14.292
Bizkaia;Total;Españoles;Mujeres;14.018
Bizkaia;Total;Extranjeros;Total;8.038
Bizkaia;Total;Extranjeros;Hombres;4.274
Bizkaia;Total;Extranjeros;Mujeres;3.764
Bizkaia;A la misma provincia;Total;Total;25.584
Bizkaia;A la misma provincia;Total;Hombres;12.989
Bizkaia;A la misma provincia;Total;Mujeres;12.595
Bizkaia;A la misma provincia;Españoles;Total;19.640
Bizkaia;A la misma provincia;Españoles;Hombres;9.843
Bizkaia;A la misma provincia;Españoles;Mujeres;9.797
Bizkaia;A la misma provincia;Extranjeros;Total;5.944
Bizkaia;A la misma provincia;Extranjeros;Hombres;3.146
Bizkaia;A la misma provincia;Extranjeros;Mujeres;2.798
Bizkaia;A otras provincias;Total;Total;10.764
Bizkaia;A otras provincias;Total;Hombres;5.577
Bizkaia;A otras provincias;Total;Mujeres;5.187
Bizkaia;A otras provincias;Españoles;Total;8.670
Bizkaia;A otras provincias;Españoles;Hombres;4.449
Bizkaia;A otras provincias;Españoles;Mujeres;4.221
Bizkaia;A otras provincias;Extranjeros;Total;2.094
Bizkaia;A otras provincias;Extranjeros;Hombres;1.128
Bizkaia;A otras provincias;Extranjeros;Mujeres;966
Burgos;Total;Total;Total;10.096
Burgos;Total;Total;Hombres;5.139
Burgos;Total;Total;Mujeres;4.957
Burgos;Total;Españoles;Total;8.257
Burgos;Total;Españoles;Hombres;4.214
Burgos;Total;Españoles;Mujeres;4.043
Burgos;Total;Extranjeros;Total;1.839
Burgos;Total;Extranjeros;Hombres;925
Burgos;Total;Extranjeros;Mujeres;914
Burgos;A la misma provincia;Total;Total;4.061
Burgos;A la misma provincia;Total;Hombres;2.076
Burgos;A la misma provincia;Total;Mujeres;1.985
Burgos;A la misma provincia;Españoles;Total;3.457
Burgos;A la misma provincia;Españoles;Hombres;1.792
Burgos;A la misma provincia;Españoles;Mujeres;1.665
Burgos;A la misma provincia;Extranjeros;Total;604
Burgos;A la misma provincia;Extranjeros;Hombres;284
Burgos;A la misma provincia;Extranjeros;Mujeres;320
Burgos;A otras provincias;Total;Total;6.035
Burgos;A otras provincias;Total;Hombres;3.063
Burgos;A otras provincias;Total;Mujeres;2.972
Burgos;A otras provincias;Españoles;Total;4.800
Burgos;A otras provincias;Españoles;Hombres;2.422
Burgos;A otras provincias;Españoles;Mujeres;2.378
Burgos;A otras provincias;Extranjeros;Total;1.235
Burgos;A otras provincias;Extranjeros;Hombres;641
Burgos;A otras provincias;Extranjeros;Mujeres;594
Cáceres;Total;Total;Total;11.299
Cáceres;Total;Total;Hombres;5.581
Cáceres;Total;Total;Mujeres;5.718
Cáceres;Total;Españoles;Total;10.165
Cáceres;Total;Españoles;Hombres;5.001
Cáceres;Total;Españoles;Mujeres;5.164
Cáceres;Total;Extranjeros;Total;1.134
Cáceres;Total;Extranjeros;Hombres;580
Cáceres;Total;Extranjeros;Mujeres;554
Cáceres;A la misma provincia;Total;Total;4.517
Cáceres;A la misma provincia;Total;Hombres;2.180
Cáceres;A la misma provincia;Total;Mujeres;2.337
Cáceres;A la misma provincia;Españoles;Total;4.175
Cáceres;A la misma provincia;Españoles;Hombres;2.016
Cáceres;A la misma provincia;Españoles;Mujeres;2.159
Cáceres;A la misma provincia;Extranjeros;Total;342
Cáceres;A la misma provincia;Extranjeros;Hombres;164
Cáceres;A la misma provincia;Extranjeros;Mujeres;178
Cáceres;A otras provincias;Total;Total;6.782
Cáceres;A otras provincias;Total;Hombres;3.401
Cáceres;A otras provincias;Total;Mujeres;3.381
Cáceres;A otras provincias;Españoles;Total;5.990
Cáceres;A otras provincias;Españoles;Hombres;2.985
Cáceres;A otras provincias;Españoles;Mujeres;3.005
Cáceres;A otras provincias;Extranjeros;Total;792
Cáceres;A otras provincias;Extranjeros;Hombres;416
Cáceres;A otras provincias;Extranjeros;Mujeres;376
Cádiz;Total;Total;Total;27.466
Cádiz;Total;Total;Hombres;14.058
Cádiz;Total;Total;Mujeres;13.408
Cádiz;Total;Españoles;Total;24.549
Cádiz;Total;Españoles;Hombres;12.578
Cádiz;Total;Españoles;Mujeres;11.971
Cádiz;Total;Extranjeros;Total;2.917
Cádiz;Total;Extranjeros;Hombres;1.480
Cádiz;Total;Extranjeros;Mujeres;1.437
Cádiz;A la misma provincia;Total;Total;11.561
Cádiz;A la misma provincia;Total;Hombres;5.713
Cádiz;A la misma provincia;Total;Mujeres;5.848
Cádiz;A la misma provincia;Españoles;Total;10.651
Cádiz;A la misma provincia;Españoles;Hombres;5.260
Cádiz;A la misma provincia;Españoles;Mujeres;5.391
Cádiz;A la misma provincia;Extranjeros;Total;910
Cádiz;A la misma provincia;Extranjeros;Hombres;453
Cádiz;A la misma provincia;Extranjeros;Mujeres;457
Cádiz;A otras provincias;Total;Total;15.905
Cádiz;A otras provincias;Total;Hombres;8.345
Cádiz;A otras provincias;Total;Mujeres;7.560
Cádiz;A otras provincias;Españoles;Total;13.898
Cádiz;A otras provincias;Españoles;Hombres;7.318
Cádiz;A otras provincias;Españoles;Mujeres;6.580
Cádiz;A otras provincias;Extranjeros;Total;2.007
Cádiz;A otras provincias;Extranjeros;Hombres;1.027
Cádiz;A otras provincias;Extranjeros;Mujeres;980
Cantabria;Total;Total;Total;20.682
Cantabria;Total;Total;Hombres;10.155
Cantabria;Total;Total;Mujeres;10.527
Cantabria;Total;Españoles;Total;18.030
Cantabria;Total;Españoles;Hombres;8.909
Cantabria;Total;Españoles;Mujeres;9.121
Cantabria;Total;Extranjeros;Total;2.652
Cantabria;Total;Extranjeros;Hombres;1.246
Cantabria;Total;Extranjeros;Mujeres;1.406
Cantabria;A la misma provincia;Total;Total;13.349
Cantabria;A la misma provincia;Total;Hombres;6.506
Cantabria;A la misma provincia;Total;Mujeres;6.843
Cantabria;A la misma provincia;Españoles;Total;11.949
Cantabria;A la misma provincia;Españoles;Hombres;5.884
Cantabria;A la misma provincia;Españoles;Mujeres;6.065
Cantabria;A la misma provincia;Extranjeros;Total;1.400
Cantabria;A la misma provincia;Extranjeros;Hombres;622
Cantabria;A la misma provincia;Extranjeros;Mujeres;778
Cantabria;A otras provincias;Total;Total;7.333
Cantabria;A otras provincias;Total;Hombres;3.649
Cantabria;A otras provincias;Total;Mujeres;3.684
Cantabria;A otras provincias;Españoles;Total;6.081
Cantabria;A otras provincias;Españoles;Hombres;3.025
Cantabria;A otras provincias;Españoles;Mujeres;3.056
Cantabria;A otras provincias;Extranjeros;Total;1.252
Cantabria;A otras provincias;Extranjeros;Hombres;624
Cantabria;A otras provincias;Extranjeros;Mujeres;628
Castellón/Castelló;Total;Total;Total;17.718
Castellón/Castelló;Total;Total;Hombres;9.046
Castellón/Castelló;Total;Total;Mujeres;8.672
Castellón/Castelló;Total;Españoles;Total;12.915
Castellón/Castelló;Total;Españoles;Hombres;6.532
Castellón/Castelló;Total;Españoles;Mujeres;6.383
Castellón/Castelló;Total;Extranjeros;Total;4.803
Castellón/Castelló;Total;Extranjeros;Hombres;2.514
Castellón/Castelló;Total;Extranjeros;Mujeres;2.289
Castellón/Castelló;A la misma provincia;Total;Total;9.232
Castellón/Castelló;A la misma provincia;Total;Hombres;4.596
Castellón/Castelló;A la misma provincia;Total;Mujeres;4.636
Castellón/Castelló;A la misma provincia;Españoles;Total;7.190
Castellón/Castelló;A la misma provincia;Españoles;Hombres;3.621
Castellón/Castelló;A la misma provincia;Españoles;Mujeres;3.569
Castellón/Castelló;A la misma provincia;Extranjeros;Total;2.042
Castellón/Castelló;A la misma provincia;Extranjeros;Hombres;975
Castellón/Castelló;A la misma provincia;Extranjeros;Mujeres;1.067
Castellón/Castelló;A otras provincias;Total;Total;8.486
Castellón/Castelló;A otras provincias;Total;Hombres;4.450
Castellón/Castelló;A otras provincias;Total;Mujeres;4.036
Castellón/Castelló;A otras provincias;Españoles;Total;5.725
Castellón/Castelló;A otras provincias;Españoles;Hombres;2.911
Castellón/Castelló;A otras provincias;Españoles;Mujeres;2.814
Castellón/Castelló;A otras provincias;Extranjeros;Total;2.761
Castellón/Castelló;A otras provincias;Extranjeros;Hombres;1.539
Castellón/Castelló;A otras provincias;Extranjeros;Mujeres;1.222
Ciudad Real;Total;Total;Total;13.395
Ciudad Real;Total;Total;Hombres;6.710
Ciudad Real;Total;Total;Mujeres;6.685
Ciudad Real;Total;Españoles;Total;11.052
Ciudad Real;Total;Españoles;Hombres;5.532
Ciudad Real;Total;Españoles;Mujeres;5.520
Ciudad Real;Total;Extranjeros;Total;2.343
Ciudad Real;Total;Extranjeros;Hombres;1.178
Ciudad Real;Total;Extranjeros;Mujeres;1.165
Ciudad Real;A la misma provincia;Total;Total;4.945
Ciudad Real;A la misma provincia;Total;Hombres;2.448
Ciudad Real;A la misma provincia;Total;Mujeres;2.497
Ciudad Real;A la misma provincia;Españoles;Total;4.272
Ciudad Real;A la misma provincia;Españoles;Hombres;2.146
Ciudad Real;A la misma provincia;Españoles;Mujeres;2.126
Ciudad Real;A la misma provincia;Extranjeros;Total;673
Ciudad Real;A la misma provincia;Extranjeros;Hombres;302
Ciudad Real;A la misma provincia;Extranjeros;Mujeres;371
Ciudad Real;A otras provincias;Total;Total;8.450
Ciudad Real;A otras provincias;Total;Hombres;4.262
Ciudad Real;A otras provincias;Total;Mujeres;4.188
Ciudad Real;A otras provincias;Españoles;Total;6.780
Ciudad Real;A otras provincias;Españoles;Hombres;3.386
Ciudad Real;A otras provincias;Españoles;Mujeres;3.394
Ciudad Real;A otras provincias;Extranjeros;Total;1.670
Ciudad Real;A otras provincias;Extranjeros;Hombres;876
Ciudad Real;A otras provincias;Extranjeros;Mujeres;794
Córdoba;Total;Total;Total;15.811
Córdoba;Total;Total;Hombres;7.847
Córdoba;Total;Total;Mujeres;7.964
Córdoba;Total;Españoles;Total;14.034
Córdoba;Total;Españoles;Hombres;6.949
Córdoba;Total;Españoles;Mujeres;7.085
Córdoba;Total;Extranjeros;Total;1.777
Córdoba;Total;Extranjeros;Hombres;898
Córdoba;Total;Extranjeros;Mujeres;879
Córdoba;A la misma provincia;Total;Total;5.568
Córdoba;A la misma provincia;Total;Hombres;2.683
Córdoba;A la misma provincia;Total;Mujeres;2.885
Córdoba;A la misma provincia;Españoles;Total;5.245
Córdoba;A la misma provincia;Españoles;Hombres;2.535
Córdoba;A la misma provincia;Españoles;Mujeres;2.710
Córdoba;A la misma provincia;Extranjeros;Total;323
Córdoba;A la misma provincia;Extranjeros;Hombres;148
Córdoba;A la misma provincia;Extranjeros;Mujeres;175
Córdoba;A otras provincias;Total;Total;10.243
Córdoba;A otras provincias;Total;Hombres;5.164
Córdoba;A otras provincias;Total;Mujeres;5.079
Córdoba;A otras provincias;Españoles;Total;8.789
Córdoba;A otras provincias;Españoles;Hombres;4.414
Córdoba;A otras provincias;Españoles;Mujeres;4.375
Córdoba;A otras provincias;Extranjeros;Total;1.454
Córdoba;A otras provincias;Extranjeros;Hombres;750
Córdoba;A otras provincias;Extranjeros;Mujeres;704
Coruña, A;Total;Total;Total;32.566
Coruña, A;Total;Total;Hombres;16.141
Coruña, A;Total;Total;Mujeres;16.425
Coruña, A;Total;Españoles;Total;29.390
Coruña, A;Total;Españoles;Hombres;14.603
Coruña, A;Total;Españoles;Mujeres;14.787
Coruña, A;Total;Extranjeros;Total;3.176
Coruña, A;Total;Extranjeros;Hombres;1.538
Coruña, A;Total;Extranjeros;Mujeres;1.638
Coruña, A;A la misma provincia;Total;Total;21.249
Coruña, A;A la misma provincia;Total;Hombres;10.392
Coruña, A;A la misma provincia;Total;Mujeres;10.857
Coruña, A;A la misma provincia;Españoles;Total;19.640
Coruña, A;A la misma provincia;Españoles;Hombres;9.638
Coruña, A;A la misma provincia;Españoles;Mujeres;10.002
Coruña, A;A la misma provincia;Extranjeros;Total;1.609
Coruña, A;A la misma provincia;Extranjeros;Hombres;754
Coruña, A;A la misma provincia;Extranjeros;Mujeres;855
Coruña, A;A otras provincias;Total;Total;11.317
Coruña, A;A otras provincias;Total;Hombres;5.749
Coruña, A;A otras provincias;Total;Mujeres;5.568
Coruña, A;A otras provincias;Españoles;Total;9.750
Coruña, A;A otras provincias;Españoles;Hombres;4.965
Coruña, A;A otras provincias;Españoles;Mujeres;4.785
Coruña, A;A otras provincias;Extranjeros;Total;1.567
Coruña, A;A otras provincias;Extranjeros;Hombres;784
Coruña, A;A otras provincias;Extranjeros;Mujeres;783
Cuenca;Total;Total;Total;6.658
Cuenca;Total;Total;Hombres;3.374
Cuenca;Total;Total;Mujeres;3.284
Cuenca;Total;Españoles;Total;5.076
Cuenca;Total;Españoles;Hombres;2.550
Cuenca;Total;Españoles;Mujeres;2.526
Cuenca;Total;Extranjeros;Total;1.582
Cuenca;Total;Extranjeros;Hombres;824
Cuenca;Total;Extranjeros;Mujeres;758
Cuenca;A la misma provincia;Total;Total;1.936
Cuenca;A la misma provincia;Total;Hombres;1.004
Cuenca;A la misma provincia;Total;Mujeres;932
Cuenca;A la misma provincia;Españoles;Total;1.508
Cuenca;A la misma provincia;Españoles;Hombres;785
Cuenca;A la misma provincia;Españoles;Mujeres;723
Cuenca;A la misma provincia;Extranjeros;Total;428
Cuenca;A la misma provincia;Extranjeros;Hombres;219
Cuenca;A la misma provincia;Extranjeros;Mujeres;209
Cuenca;A otras provincias;Total;Total;4.722
Cuenca;A otras provincias;Total;Hombres;2.370
Cuenca;A otras provincias;Total;Mujeres;2.352
Cuenca;A otras provincias;Españoles;Total;3.568
Cuenca;A otras provincias;Españoles;Hombres;1.765
Cuenca;A otras provincias;Españoles;Mujeres;1.803
Cuenca;A otras provincias;Extranjeros;Total;1.154
Cuenca;A otras provincias;Extranjeros;Hombres;605
Cuenca;A otras provincias;Extranjeros;Mujeres;549
Gipuzkoa;Total;Total;Total;21.043
Gipuzkoa;Total;Total;Hombres;10.860
Gipuzkoa;Total;Total;Mujeres;10.183
Gipuzkoa;Total;Españoles;Total;14.853
Gipuzkoa;Total;Españoles;Hombres;7.528
Gipuzkoa;Total;Españoles;Mujeres;7.325
Gipuzkoa;Total;Extranjeros;Total;6.190
Gipuzkoa;Total;Extranjeros;Hombres;3.332
Gipuzkoa;Total;Extranjeros;Mujeres;2.858
Gipuzkoa;A la misma provincia;Total;Total;14.093
Gipuzkoa;A la misma provincia;Total;Hombres;7.208
Gipuzkoa;A la misma provincia;Total;Mujeres;6.885
Gipuzkoa;A la misma provincia;Españoles;Total;9.897
Gipuzkoa;A la misma provincia;Españoles;Hombres;5.000
Gipuzkoa;A la misma provincia;Españoles;Mujeres;4.897
Gipuzkoa;A la misma provincia;Extranjeros;Total;4.196
Gipuzkoa;A la misma provincia;Extranjeros;Hombres;2.208
Gipuzkoa;A la misma provincia;Extranjeros;Mujeres;1.988
Gipuzkoa;A otras provincias;Total;Total;6.950
Gipuzkoa;A otras provincias;Total;Hombres;3.652
Gipuzkoa;A otras provincias;Total;Mujeres;3.298
Gipuzkoa;A otras provincias;Españoles;Total;4.956
Gipuzkoa;A otras provincias;Españoles;Hombres;2.528
Gipuzkoa;A otras provincias;Españoles;Mujeres;2.428
Gipuzkoa;A otras provincias;Extranjeros;Total;1.994
Gipuzkoa;A otras provincias;Extranjeros;Hombres;1.124
Gipuzkoa;A otras provincias;Extranjeros;Mujeres;870
Girona;Total;Total;Total;31.230
Girona;Total;Total;Hombres;15.658
Girona;Total;Total;Mujeres;15.572
Girona;Total;Españoles;Total;22.397
Girona;Total;Españoles;Hombres;11.069
Girona;Total;Españoles;Mujeres;11.328
Girona;Total;Extranjeros;Total;8.833
Girona;Total;Extranjeros;Hombres;4.589
Girona;Total;Extranjeros;Mujeres;4.244
Girona;A la misma provincia;Total;Total;19.429
Girona;A la misma provincia;Total;Hombres;9.675
Girona;A la misma provincia;Total;Mujeres;9.754
Girona;A la misma provincia;Españoles;Total;14.332
Girona;A la misma provincia;Españoles;Hombres;7.133
Girona;A la misma provincia;Españoles;Mujeres;7.199
Girona;A la misma provincia;Extranjeros;Total;5.097
Girona;A la misma provincia;Extranjeros;Hombres;2.542
Girona;A la misma provincia;Extranjeros;Mujeres;2.555
Girona;A otras provincias;Total;Total;11.801
Girona;A otras provincias;Total;Hombres;5.983
Girona;A otras provincias;Total;Mujeres;5.818
Girona;A otras provincias;Españoles;Total;8.065
Girona;A otras provincias;Españoles;Hombres;3.936
Girona;A otras provincias;Españoles;Mujeres;4.129
Girona;A otras provincias;Extranjeros;Total;3.736
Girona;A otras provincias;Extranjeros;Hombres;2.047
Girona;A otras provincias;Extranjeros;Mujeres;1.689
Granada;Total;Total;Total;35.899
Granada;Total;Total;Hombres;17.873
Granada;Total;Total;Mujeres;18.026
Granada;Total;Españoles;Total;30.985
Granada;Total;Españoles;Hombres;15.142
Granada;Total;Españoles;Mujeres;15.843
Granada;Total;Extranjeros;Total;4.914
Granada;Total;Extranjeros;Hombres;2.731
Granada;Total;Extranjeros;Mujeres;2.183
Granada;A la misma provincia;Total;Total;21.715
Granada;A la misma provincia;Total;Hombres;10.575
Granada;A la misma provincia;Total;Mujeres;11.140
Granada;A la misma provincia;Españoles;Total;19.796
Granada;A la misma provincia;Españoles;Hombres;9.614
Granada;A la misma provincia;Españoles;Mujeres;10.182
Granada;A la misma provincia;Extranjeros;Total;1.919
Granada;A la misma provincia;Extranjeros;Hombres;961
Granada;A la misma provincia;Extranjeros;Mujeres;958
Granada;A otras provincias;Total;Total;14.184
Granada;A otras provincias;Total;Hombres;7.298
Granada;A otras provincias;Total;Mujeres;6.886
Granada;A otras provincias;Españoles;Total;11.189
Granada;A otras provincias;Españoles;Hombres;5.528
Granada;A otras provincias;Españoles;Mujeres;5.661
Granada;A otras provincias;Extranjeros;Total;2.995
Granada;A otras provincias;Extranjeros;Hombres;1.770
Granada;A otras provincias;Extranjeros;Mujeres;1.225
Guadalajara;Total;Total;Total;12.812
Guadalajara;Total;Total;Hombres;6.543
Guadalajara;Total;Total;Mujeres;6.269
Guadalajara;Total;Españoles;Total;9.780
Guadalajara;Total;Españoles;Hombres;4.992
Guadalajara;Total;Españoles;Mujeres;4.788
Guadalajara;Total;Extranjeros;Total;3.032
Guadalajara;Total;Extranjeros;Hombres;1.551
Guadalajara;Total;Extranjeros;Mujeres;1.481
Guadalajara;A la misma provincia;Total;Total;5.129
Guadalajara;A la misma provincia;Total;Hombres;2.562
Guadalajara;A la misma provincia;Total;Mujeres;2.567
Guadalajara;A la misma provincia;Españoles;Total;3.908
Guadalajara;A la misma provincia;Españoles;Hombres;1.976
Guadalajara;A la misma provincia;Españoles;Mujeres;1.932
Guadalajara;A la misma provincia;Extranjeros;Total;1.221
Guadalajara;A la misma provincia;Extranjeros;Hombres;586
Guadalajara;A la misma provincia;Extranjeros;Mujeres;635
Guadalajara;A otras provincias;Total;Total;7.683
Guadalajara;A otras provincias;Total;Hombres;3.981
Guadalajara;A otras provincias;Total;Mujeres;3.702
Guadalajara;A otras provincias;Españoles;Total;5.872
Guadalajara;A otras provincias;Españoles;Hombres;3.016
Guadalajara;A otras provincias;Españoles;Mujeres;2.856
Guadalajara;A otras provincias;Extranjeros;Total;1.811
Guadalajara;A otras provincias;Extranjeros;Hombres;965
Guadalajara;A otras provincias;Extranjeros;Mujeres;846
Huelva;Total;Total;Total;12.908
Huelva;Total;Total;Hombres;6.596
Huelva;Total;Total;Mujeres;6.312
Huelva;Total;Españoles;Total;10.476
Huelva;Total;Españoles;Hombres;5.299
Huelva;Total;Españoles;Mujeres;5.177
Huelva;Total;Extranjeros;Total;2.432
Huelva;Total;Extranjeros;Hombres;1.297
Huelva;Total;Extranjeros;Mujeres;1.135
Huelva;A la misma provincia;Total;Total;6.629
Huelva;A la misma provincia;Total;Hombres;3.336
Huelva;A la misma provincia;Total;Mujeres;3.293
Huelva;A la misma provincia;Españoles;Total;5.762
Huelva;A la misma provincia;Españoles;Hombres;2.938
Huelva;A la misma provincia;Españoles;Mujeres;2.824
Huelva;A la misma provincia;Extranjeros;Total;867
Huelva;A la misma provincia;Extranjeros;Hombres;398
Huelva;A la misma provincia;Extranjeros;Mujeres;469
Huelva;A otras provincias;Total;Total;6.279
Huelva;A otras provincias;Total;Hombres;3.260
Huelva;A otras provincias;Total;Mujeres;3.019
Huelva;A otras provincias;Españoles;Total;4.714
Huelva;A otras provincias;Españoles;Hombres;2.361
Huelva;A otras provincias;Españoles;Mujeres;2.353
Huelva;A otras provincias;Extranjeros;Total;1.565
Huelva;A otras provincias;Extranjeros;Hombres;899
Huelva;A otras provincias;Extranjeros;Mujeres;666
Huesca;Total;Total;Total;7.238
Huesca;Total;Total;Hombres;3.683
Huesca;Total;Total;Mujeres;3.555
Huesca;Total;Españoles;Total;5.554
Huesca;Total;Españoles;Hombres;2.772
Huesca;Total;Españoles;Mujeres;2.782
Huesca;Total;Extranjeros;Total;1.684
Huesca;Total;Extranjeros;Hombres;911
Huesca;Total;Extranjeros;Mujeres;773
Huesca;A la misma provincia;Total;Total;2.816
Huesca;A la misma provincia;Total;Hombres;1.419
Huesca;A la misma provincia;Total;Mujeres;1.397
Huesca;A la misma provincia;Españoles;Total;2.258
Huesca;A la misma provincia;Españoles;Hombres;1.133
Huesca;A la misma provincia;Españoles;Mujeres;1.125
Huesca;A la misma provincia;Extranjeros;Total;558
Huesca;A la misma provincia;Extranjeros;Hombres;286
Huesca;A la misma provincia;Extranjeros;Mujeres;272
Huesca;A otras provincias;Total;Total;4.422
Huesca;A otras provincias;Total;Hombres;2.264
Huesca;A otras provincias;Total;Mujeres;2.158
Huesca;A otras provincias;Españoles;Total;3.296
Huesca;A otras provincias;Españoles;Hombres;1.639
Huesca;A otras provincias;Españoles;Mujeres;1.657
Huesca;A otras provincias;Extranjeros;Total;1.126
Huesca;A otras provincias;Extranjeros;Hombres;625
Huesca;A otras provincias;Extranjeros;Mujeres;501
Jaén;Total;Total;Total;14.832
Jaén;Total;Total;Hombres;7.454
Jaén;Total;Total;Mujeres;7.378
Jaén;Total;Españoles;Total;13.161
Jaén;Total;Españoles;Hombres;6.448
Jaén;Total;Españoles;Mujeres;6.713
Jaén;Total;Extranjeros;Total;1.671
Jaén;Total;Extranjeros;Hombres;1.006
Jaén;Total;Extranjeros;Mujeres;665
Jaén;A la misma provincia;Total;Total;5.235
Jaén;A la misma provincia;Total;Hombres;2.633
Jaén;A la misma provincia;Total;Mujeres;2.602
Jaén;A la misma provincia;Españoles;Total;4.892
Jaén;A la misma provincia;Españoles;Hombres;2.447
Jaén;A la misma provincia;Españoles;Mujeres;2.445
Jaén;A la misma provincia;Extranjeros;Total;343
Jaén;A la misma provincia;Extranjeros;Hombres;186
Jaén;A la misma provincia;Extranjeros;Mujeres;157
Jaén;A otras provincias;Total;Total;9.597
Jaén;A otras provincias;Total;Hombres;4.821
Jaén;A otras provincias;Total;Mujeres;4.776
Jaén;A otras provincias;Españoles;Total;8.269
Jaén;A otras provincias;Españoles;Hombres;4.001
Jaén;A otras provincias;Españoles;Mujeres;4.268
Jaén;A otras provincias;Extranjeros;Total;1.328
Jaén;A otras provincias;Extranjeros;Hombres;820
Jaén;A otras provincias;Extranjeros;Mujeres;508
León;Total;Total;Total;16.394
León;Total;Total;Hombres;8.106
León;Total;Total;Mujeres;8.288
León;Total;Españoles;Total;14.575
León;Total;Españoles;Hombres;7.219
León;Total;Españoles;Mujeres;7.356
León;Total;Extranjeros;Total;1.819
León;Total;Extranjeros;Hombres;887
León;Total;Extranjeros;Mujeres;932
León;A la misma provincia;Total;Total;8.910
León;A la misma provincia;Total;Hombres;4.334
León;A la misma provincia;Total;Mujeres;4.576
León;A la misma provincia;Españoles;Total;8.165
León;A la misma provincia;Españoles;Hombres;3.999
León;A la misma provincia;Españoles;Mujeres;4.166
León;A la misma provincia;Extranjeros;Total;745
León;A la misma provincia;Extranjeros;Hombres;335
León;A la misma provincia;Extranjeros;Mujeres;410
León;A otras provincias;Total;Total;7.484
León;A otras provincias;Total;Hombres;3.772
León;A otras provincias;Total;Mujeres;3.712
León;A otras provincias;Españoles;Total;6.410
León;A otras provincias;Españoles;Hombres;3.220
León;A otras provincias;Españoles;Mujeres;3.190
León;A otras provincias;Extranjeros;Total;1.074
León;A otras provincias;Extranjeros;Hombres;552
León;A otras provincias;Extranjeros;Mujeres;522
Lleida;Total;Total;Total;15.851
Lleida;Total;Total;Hombres;8.385
Lleida;Total;Total;Mujeres;7.466
Lleida;Total;Españoles;Total;10.845
Lleida;Total;Españoles;Hombres;5.542
Lleida;Total;Españoles;Mujeres;5.303
Lleida;Total;Extranjeros;Total;5.006
Lleida;Total;Extranjeros;Hombres;2.843
Lleida;Total;Extranjeros;Mujeres;2.163
Lleida;A la misma provincia;Total;Total;7.962
Lleida;A la misma provincia;Total;Hombres;4.063
Lleida;A la misma provincia;Total;Mujeres;3.899
Lleida;A la misma provincia;Españoles;Total;5.768
Lleida;A la misma provincia;Españoles;Hombres;2.882
Lleida;A la misma provincia;Españoles;Mujeres;2.886
Lleida;A la misma provincia;Extranjeros;Total;2.194
Lleida;A la misma provincia;Extranjeros;Hombres;1.181
Lleida;A la misma provincia;Extranjeros;Mujeres;1.013
Lleida;A otras provincias;Total;Total;7.889
Lleida;A otras provincias;Total;Hombres;4.322
Lleida;A otras provincias;Total;Mujeres;3.567
Lleida;A otras provincias;Españoles;Total;5.077
Lleida;A otras provincias;Españoles;Hombres;2.660
Lleida;A otras provincias;Españoles;Mujeres;2.417
Lleida;A otras provincias;Extranjeros;Total;2.812
Lleida;A otras provincias;Extranjeros;Hombres;1.662
Lleida;A otras provincias;Extranjeros;Mujeres;1.150
Lugo;Total;Total;Total;8.535
Lugo;Total;Total;Hombres;4.165
Lugo;Total;Total;Mujeres;4.370
Lugo;Total;Españoles;Total;7.397
Lugo;Total;Españoles;Hombres;3.607
Lugo;Total;Españoles;Mujeres;3.790
Lugo;Total;Extranjeros;Total;1.138
Lugo;Total;Extranjeros;Hombres;558
Lugo;Total;Extranjeros;Mujeres;580
Lugo;A la misma provincia;Total;Total;3.984
Lugo;A la misma provincia;Total;Hombres;1.967
Lugo;A la misma provincia;Total;Mujeres;2.017
Lugo;A la misma provincia;Españoles;Total;3.578
Lugo;A la misma provincia;Españoles;Hombres;1.775
Lugo;A la misma provincia;Españoles;Mujeres;1.803
Lugo;A la misma provincia;Extranjeros;Total;406
Lugo;A la misma provincia;Extranjeros;Hombres;192
Lugo;A la misma provincia;Extranjeros;Mujeres;214
Lugo;A otras provincias;Total;Total;4.551
Lugo;A otras provincias;Total;Hombres;2.198
Lugo;A otras provincias;Total;Mujeres;2.353
Lugo;A otras provincias;Españoles;Total;3.819
Lugo;A otras provincias;Españoles;Hombres;1.832
Lugo;A otras provincias;Españoles;Mujeres;1.987
Lugo;A otras provincias;Extranjeros;Total;732
Lugo;A otras provincias;Extranjeros;Hombres;366
Lugo;A otras provincias;Extranjeros;Mujeres;366
Madrid;Total;Total;Total;208.127
Madrid;Total;Total;Hombres;102.554
Madrid;Total;Total;Mujeres;105.573
Madrid;Total;Españoles;Total;158.759
Madrid;Total;Españoles;Hombres;79.337
Madrid;Total;Españoles;Mujeres;79.422
Madrid;Total;Extranjeros;Total;49.368
Madrid;Total;Extranjeros;Hombres;23.217
Madrid;Total;Extranjeros;Mujeres;26.151
Madrid;A la misma provincia;Total;Total;133.758
Madrid;A la misma provincia;Total;Hombres;65.314
Madrid;A la misma provincia;Total;Mujeres;68.444
Madrid;A la misma provincia;Españoles;Total;101.728
Madrid;A la misma provincia;Españoles;Hombres;50.624
Madrid;A la misma provincia;Españoles;Mujeres;51.104
Madrid;A la misma provincia;Extranjeros;Total;32.030
Madrid;A la misma provincia;Extranjeros;Hombres;14.690
Madrid;A la misma provincia;Extranjeros;Mujeres;17.340
Madrid;A otras provincias;Total;Total;74.369
Madrid;A otras provincias;Total;Hombres;37.240
Madrid;A otras provincias;Total;Mujeres;37.129
Madrid;A otras provincias;Españoles;Total;57.031
Madrid;A otras provincias;Españoles;Hombres;28.713
Madrid;A otras provincias;Españoles;Mujeres;28.318
Madrid;A otras provincias;Extranjeros;Total;17.338
Madrid;A otras provincias;Extranjeros;Hombres;8.527
Madrid;A otras provincias;Extranjeros;Mujeres;8.811
Málaga;Total;Total;Total;49.480
Málaga;Total;Total;Hombres;24.776
Málaga;Total;Total;Mujeres;24.704
Málaga;Total;Españoles;Total;36.290
Málaga;Total;Españoles;Hombres;18.030
Málaga;Total;Españoles;Mujeres;18.260
Málaga;Total;Extranjeros;Total;13.190
Málaga;Total;Extranjeros;Hombres;6.746
Málaga;Total;Extranjeros;Mujeres;6.444
Málaga;A la misma provincia;Total;Total;30.049
Málaga;A la misma provincia;Total;Hombres;14.802
Málaga;A la misma provincia;Total;Mujeres;15.247
Málaga;A la misma provincia;Españoles;Total;22.577
Málaga;A la misma provincia;Españoles;Hombres;11.193
Málaga;A la misma provincia;Españoles;Mujeres;11.384
Málaga;A la misma provincia;Extranjeros;Total;7.472
Málaga;A la misma provincia;Extranjeros;Hombres;3.609
Málaga;A la misma provincia;Extranjeros;Mujeres;3.863
Málaga;A otras provincias;Total;Total;19.431
Málaga;A otras provincias;Total;Hombres;9.974
Málaga;A otras provincias;Total;Mujeres;9.457
Málaga;A otras provincias;Españoles;Total;13.713
Málaga;A otras provincias;Españoles;Hombres;6.837
Málaga;A otras provincias;Españoles;Mujeres;6.876
Málaga;A otras provincias;Extranjeros;Total;5.718
Málaga;A otras provincias;Extranjeros;Hombres;3.137
Málaga;A otras provincias;Extranjeros;Mujeres;2.581
Murcia;Total;Total;Total;37.947
Murcia;Total;Total;Hombres;19.599
Murcia;Total;Total;Mujeres;18.348
Murcia;Total;Españoles;Total;26.275
Murcia;Total;Españoles;Hombres;13.041
Murcia;Total;Españoles;Mujeres;13.234
Murcia;Total;Extranjeros;Total;11.672
Murcia;Total;Extranjeros;Hombres;6.558
Murcia;Total;Extranjeros;Mujeres;5.114
Murcia;A la misma provincia;Total;Total;20.961
Murcia;A la misma provincia;Total;Hombres;10.438
Murcia;A la misma provincia;Total;Mujeres;10.523
Murcia;A la misma provincia;Españoles;Total;15.596
Murcia;A la misma provincia;Españoles;Hombres;7.639
Murcia;A la misma provincia;Españoles;Mujeres;7.957
Murcia;A la misma provincia;Extranjeros;Total;5.365
Murcia;A la misma provincia;Extranjeros;Hombres;2.799
Murcia;A la misma provincia;Extranjeros;Mujeres;2.566
Murcia;A otras provincias;Total;Total;16.986
Murcia;A otras provincias;Total;Hombres;9.161
Murcia;A otras provincias;Total;Mujeres;7.825
Murcia;A otras provincias;Españoles;Total;10.679
Murcia;A otras provincias;Españoles;Hombres;5.402
Murcia;A otras provincias;Españoles;Mujeres;5.277
Murcia;A otras provincias;Extranjeros;Total;6.307
Murcia;A otras provincias;Extranjeros;Hombres;3.759
Murcia;A otras provincias;Extranjeros;Mujeres;2.548
Navarra;Total;Total;Total;23.253
Navarra;Total;Total;Hombres;11.804
Navarra;Total;Total;Mujeres;11.449
Navarra;Total;Españoles;Total;18.003
Navarra;Total;Españoles;Hombres;9.028
Navarra;Total;Españoles;Mujeres;8.975
Navarra;Total;Extranjeros;Total;5.250
Navarra;Total;Extranjeros;Hombres;2.776
Navarra;Total;Extranjeros;Mujeres;2.474
Navarra;A la misma provincia;Total;Total;16.381
Navarra;A la misma provincia;Total;Hombres;8.321
Navarra;A la misma provincia;Total;Mujeres;8.060
Navarra;A la misma provincia;Españoles;Total;12.802
Navarra;A la misma provincia;Españoles;Hombres;6.435
Navarra;A la misma provincia;Españoles;Mujeres;6.367
Navarra;A la misma provincia;Extranjeros;Total;3.579
Navarra;A la misma provincia;Extranjeros;Hombres;1.886
Navarra;A la misma provincia;Extranjeros;Mujeres;1.693
Navarra;A otras provincias;Total;Total;6.872
Navarra;A otras provincias;Total;Hombres;3.483
Navarra;A otras provincias;Total;Mujeres;3.389
Navarra;A otras provincias;Españoles;Total;5.201
Navarra;A otras provincias;Españoles;Hombres;2.593
Navarra;A otras provincias;Españoles;Mujeres;2.608
Navarra;A otras provincias;Extranjeros;Total;1.671
Navarra;A otras provincias;Extranjeros;Hombres;890
Navarra;A otras provincias;Extranjeros;Mujeres;781
Ourense;Total;Total;Total;11.711
Ourense;Total;Total;Hombres;5.626
Ourense;Total;Total;Mujeres;6.085
Ourense;Total;Españoles;Total;10.601
Ourense;Total;Españoles;Hombres;5.122
Ourense;Total;Españoles;Mujeres;5.479
Ourense;Total;Extranjeros;Total;1.110
Ourense;Total;Extranjeros;Hombres;504
Ourense;Total;Extranjeros;Mujeres;606
Ourense;A la misma provincia;Total;Total;6.819
Ourense;A la misma provincia;Total;Hombres;3.232
Ourense;A la misma provincia;Total;Mujeres;3.587
Ourense;A la misma provincia;Españoles;Total;6.373
Ourense;A la misma provincia;Españoles;Hombres;3.053
Ourense;A la misma provincia;Españoles;Mujeres;3.320
Ourense;A la misma provincia;Extranjeros;Total;446
Ourense;A la misma provincia;Extranjeros;Hombres;179
Ourense;A la misma provincia;Extranjeros;Mujeres;267
Ourense;A otras provincias;Total;Total;4.892
Ourense;A otras provincias;Total;Hombres;2.394
Ourense;A otras provincias;Total;Mujeres;2.498
Ourense;A otras provincias;Españoles;Total;4.228
Ourense;A otras provincias;Españoles;Hombres;2.069
Ourense;A otras provincias;Españoles;Mujeres;2.159
Ourense;A otras provincias;Extranjeros;Total;664
Ourense;A otras provincias;Extranjeros;Hombres;325
Ourense;A otras provincias;Extranjeros;Mujeres;339
Palencia;Total;Total;Total;4.686
Palencia;Total;Total;Hombres;2.337
Palencia;Total;Total;Mujeres;2.349
Palencia;Total;Españoles;Total;4.001
Palencia;Total;Españoles;Hombres;2.018
Palencia;Total;Españoles;Mujeres;1.983
Palencia;Total;Extranjeros;Total;685
Palencia;Total;Extranjeros;Hombres;319
Palencia;Total;Extranjeros;Mujeres;366
Palencia;A la misma provincia;Total;Total;2.063
Palencia;A la misma provincia;Total;Hombres;1.025
Palencia;A la misma provincia;Total;Mujeres;1.038
Palencia;A la misma provincia;Españoles;Total;1.822
Palencia;A la misma provincia;Españoles;Hombres;913
Palencia;A la misma provincia;Españoles;Mujeres;909
Palencia;A la misma provincia;Extranjeros;Total;241
Palencia;A la misma provincia;Extranjeros;Hombres;112
Palencia;A la misma provincia;Extranjeros;Mujeres;129
Palencia;A otras provincias;Total;Total;2.623
Palencia;A otras provincias;Total;Hombres;1.312
Palencia;A otras provincias;Total;Mujeres;1.311
Palencia;A otras provincias;Españoles;Total;2.179
Palencia;A otras provincias;Españoles;Hombres;1.105
Palencia;A otras provincias;Españoles;Mujeres;1.074
Palencia;A otras provincias;Extranjeros;Total;444
Palencia;A otras provincias;Extranjeros;Hombres;207
Palencia;A otras provincias;Extranjeros;Mujeres;237
Palmas, Las;Total;Total;Total;40.828
Palmas, Las;Total;Total;Hombres;21.046
Palmas, Las;Total;Total;Mujeres;19.782
Palmas, Las;Total;Españoles;Total;33.173
Palmas, Las;Total;Españoles;Hombres;17.047
Palmas, Las;Total;Españoles;Mujeres;16.126
Palmas, Las;Total;Extranjeros;Total;7.655
Palmas, Las;Total;Extranjeros;Hombres;3.999
Palmas, Las;Total;Extranjeros;Mujeres;3.656
Palmas, Las;A la misma provincia;Total;Total;26.200
Palmas, Las;A la misma provincia;Total;Hombres;13.230
Palmas, Las;A la misma provincia;Total;Mujeres;12.970
Palmas, Las;A la misma provincia;Españoles;Total;21.564
Palmas, Las;A la misma provincia;Españoles;Hombres;10.853
Palmas, Las;A la misma provincia;Españoles;Mujeres;10.711
Palmas, Las;A la misma provincia;Extranjeros;Total;4.636
Palmas, Las;A la misma provincia;Extranjeros;Hombres;2.377
Palmas, Las;A la misma provincia;Extranjeros;Mujeres;2.259
Palmas, Las;A otras provincias;Total;Total;14.628
Palmas, Las;A otras provincias;Total;Hombres;7.816
Palmas, Las;A otras provincias;Total;Mujeres;6.812
Palmas, Las;A otras provincias;Españoles;Total;11.609
Palmas, Las;A otras provincias;Españoles;Hombres;6.194
Palmas, Las;A otras provincias;Españoles;Mujeres;5.415
Palmas, Las;A otras provincias;Extranjeros;Total;3.019
Palmas, Las;A otras provincias;Extranjeros;Hombres;1.622
Palmas, Las;A otras provincias;Extranjeros;Mujeres;1.397
Pontevedra;Total;Total;Total;24.643
Pontevedra;Total;Total;Hombres;12.392
Pontevedra;Total;Total;Mujeres;12.251
Pontevedra;Total;Españoles;Total;22.228
Pontevedra;Total;Españoles;Hombres;11.220
Pontevedra;Total;Españoles;Mujeres;11.008
Pontevedra;Total;Extranjeros;Total;2.415
Pontevedra;Total;Extranjeros;Hombres;1.172
Pontevedra;Total;Extranjeros;Mujeres;1.243
Pontevedra;A la misma provincia;Total;Total;15.071
Pontevedra;A la misma provincia;Total;Hombres;7.553
Pontevedra;A la misma provincia;Total;Mujeres;7.518
Pontevedra;A la misma provincia;Españoles;Total;13.984
Pontevedra;A la misma provincia;Españoles;Hombres;7.037
Pontevedra;A la misma provincia;Españoles;Mujeres;6.947
Pontevedra;A la misma provincia;Extranjeros;Total;1.087
Pontevedra;A la misma provincia;Extranjeros;Hombres;516
Pontevedra;A la misma provincia;Extranjeros;Mujeres;571
Pontevedra;A otras provincias;Total;Total;9.572
Pontevedra;A otras provincias;Total;Hombres;4.839
Pontevedra;A otras provincias;Total;Mujeres;4.733
Pontevedra;A otras provincias;Españoles;Total;8.244
Pontevedra;A otras provincias;Españoles;Hombres;4.183
Pontevedra;A otras provincias;Españoles;Mujeres;4.061
Pontevedra;A otras provincias;Extranjeros;Total;1.328
Pontevedra;A otras provincias;Extranjeros;Hombres;656
Pontevedra;A otras provincias;Extranjeros;Mujeres;672
Rioja, La;Total;Total;Total;9.958
Rioja, La;Total;Total;Hombres;5.020
Rioja, La;Total;Total;Mujeres;4.938
Rioja, La;Total;Españoles;Total;7.542
Rioja, La;Total;Españoles;Hombres;3.781
Rioja, La;Total;Españoles;Mujeres;3.761
Rioja, La;Total;Extranjeros;Total;2.416
Rioja, La;Total;Extranjeros;Hombres;1.239
Rioja, La;Total;Extranjeros;Mujeres;1.177
Rioja, La;A la misma provincia;Total;Total;5.035
Rioja, La;A la misma provincia;Total;Hombres;2.524
Rioja, La;A la misma provincia;Total;Mujeres;2.511
Rioja, La;A la misma provincia;Españoles;Total;4.006
Rioja, La;A la misma provincia;Españoles;Hombres;2.025
Rioja, La;A la misma provincia;Españoles;Mujeres;1.981
Rioja, La;A la misma provincia;Extranjeros;Total;1.029
Rioja, La;A la misma provincia;Extranjeros;Hombres;499
Rioja, La;A la misma provincia;Extranjeros;Mujeres;530
Rioja, La;A otras provincias;Total;Total;4.923
Rioja, La;A otras provincias;Total;Hombres;2.496
Rioja, La;A otras provincias;Total;Mujeres;2.427
Rioja, La;A otras provincias;Españoles;Total;3.536
Rioja, La;A otras provincias;Españoles;Hombres;1.756
Rioja, La;A otras provincias;Españoles;Mujeres;1.780
Rioja, La;A otras provincias;Extranjeros;Total;1.387
Rioja, La;A otras provincias;Extranjeros;Hombres;740
Rioja, La;A otras provincias;Extranjeros;Mujeres;647
Salamanca;Total;Total;Total;11.354
Salamanca;Total;Total;Hombres;5.558
Salamanca;Total;Total;Mujeres;5.796
Salamanca;Total;Españoles;Total;10.256
Salamanca;Total;Españoles;Hombres;5.003
Salamanca;Total;Españoles;Mujeres;5.253
Salamanca;Total;Extranjeros;Total;1.098
Salamanca;Total;Extranjeros;Hombres;555
Salamanca;Total;Extranjeros;Mujeres;543
Salamanca;A la misma provincia;Total;Total;6.327
Salamanca;A la misma provincia;Total;Hombres;3.092
Salamanca;A la misma provincia;Total;Mujeres;3.235
Salamanca;A la misma provincia;Españoles;Total;5.955
Salamanca;A la misma provincia;Españoles;Hombres;2.914
Salamanca;A la misma provincia;Españoles;Mujeres;3.041
Salamanca;A la misma provincia;Extranjeros;Total;372
Salamanca;A la misma provincia;Extranjeros;Hombres;178
Salamanca;A la misma provincia;Extranjeros;Mujeres;194
Salamanca;A otras provincias;Total;Total;5.027
Salamanca;A otras provincias;Total;Hombres;2.466
Salamanca;A otras provincias;Total;Mujeres;2.561
Salamanca;A otras provincias;Españoles;Total;4.301
Salamanca;A otras provincias;Españoles;Hombres;2.089
Salamanca;A otras provincias;Españoles;Mujeres;2.212
Salamanca;A otras provincias;Extranjeros;Total;726
Salamanca;A otras provincias;Extranjeros;Hombres;377
Salamanca;A otras provincias;Extranjeros;Mujeres;349
Santa Cruz de Tenerife;Total;Total;Total;41.361
Santa Cruz de Tenerife;Total;Total;Hombres;20.588
Santa Cruz de Tenerife;Total;Total;Mujeres;20.773
Santa Cruz de Tenerife;Total;Españoles;Total;32.540
Santa Cruz de Tenerife;Total;Españoles;Hombres;16.085
Santa Cruz de Tenerife;Total;Españoles;Mujeres;16.455
Santa Cruz de Tenerife;Total;Extranjeros;Total;8.821
Santa Cruz de Tenerife;Total;Extranjeros;Hombres;4.503
Santa Cruz de Tenerife;Total;Extranjeros;Mujeres;4.318
Santa Cruz de Tenerife;A la misma provincia;Total;Total;29.855
Santa Cruz de Tenerife;A la misma provincia;Total;Hombres;14.635
Santa Cruz de Tenerife;A la misma provincia;Total;Mujeres;15.220
Santa Cruz de Tenerife;A la misma provincia;Españoles;Total;23.465
Santa Cruz de Tenerife;A la misma provincia;Españoles;Hombres;11.407
Santa Cruz de Tenerife;A la misma provincia;Españoles;Mujeres;12.058
Santa Cruz de Tenerife;A la misma provincia;Extranjeros;Total;6.390
Santa Cruz de Tenerife;A la misma provincia;Extranjeros;Hombres;3.228
Santa Cruz de Tenerife;A la misma provincia;Extranjeros;Mujeres;3.162
Santa Cruz de Tenerife;A otras provincias;Total;Total;11.506
Santa Cruz de Tenerife;A otras provincias;Total;Hombres;5.953
Santa Cruz de Tenerife;A otras provincias;Total;Mujeres;5.553
Santa Cruz de Tenerife;A otras provincias;Españoles;Total;9.075
Santa Cruz de Tenerife;A otras provincias;Españoles;Hombres;4.678
Santa Cruz de Tenerife;A otras provincias;Españoles;Mujeres;4.397
Santa Cruz de Tenerife;A otras provincias;Extranjeros;Total;2.431
Santa Cruz de Tenerife;A otras provincias;Extranjeros;Hombres;1.275
Santa Cruz de Tenerife;A otras provincias;Extranjeros;Mujeres;1.156
Segovia;Total;Total;Total;5.807
Segovia;Total;Total;Hombres;2.905
Segovia;Total;Total;Mujeres;2.902
Segovia;Total;Españoles;Total;4.341
Segovia;Total;Españoles;Hombres;2.173
Segovia;Total;Españoles;Mujeres;2.168
Segovia;Total;Extranjeros;Total;1.466
Segovia;Total;Extranjeros;Hombres;732
Segovia;Total;Extranjeros;Mujeres;734
Segovia;A la misma provincia;Total;Total;2.509
Segovia;A la misma provincia;Total;Hombres;1.252
Segovia;A la misma provincia;Total;Mujeres;1.257
Segovia;A la misma provincia;Españoles;Total;1.837
Segovia;A la misma provincia;Españoles;Hombres;923
Segovia;A la misma provincia;Españoles;Mujeres;914
Segovia;A la misma provincia;Extranjeros;Total;672
Segovia;A la misma provincia;Extranjeros;Hombres;329
Segovia;A la misma provincia;Extranjeros;Mujeres;343
Segovia;A otras provincias;Total;Total;3.298
Segovia;A otras provincias;Total;Hombres;1.653
Segovia;A otras provincias;Total;Mujeres;1.645
Segovia;A otras provincias;Españoles;Total;2.504
Segovia;A otras provincias;Españoles;Hombres;1.250
Segovia;A otras provincias;Españoles;Mujeres;1.254
Segovia;A otras provincias;Extranjeros;Total;794
Segovia;A otras provincias;Extranjeros;Hombres;403
Segovia;A otras provincias;Extranjeros;Mujeres;391
Sevilla;Total;Total;Total;48.286
Sevilla;Total;Total;Hombres;24.097
Sevilla;Total;Total;Mujeres;24.189
Sevilla;Total;Españoles;Total;42.817
Sevilla;Total;Españoles;Hombres;21.465
Sevilla;Total;Españoles;Mujeres;21.352
Sevilla;Total;Extranjeros;Total;5.469
Sevilla;Total;Extranjeros;Hombres;2.632
Sevilla;Total;Extranjeros;Mujeres;2.837
Sevilla;A la misma provincia;Total;Total;28.889
Sevilla;A la misma provincia;Total;Hombres;14.196
Sevilla;A la misma provincia;Total;Mujeres;14.693
Sevilla;A la misma provincia;Españoles;Total;26.435
Sevilla;A la misma provincia;Españoles;Hombres;13.105
Sevilla;A la misma provincia;Españoles;Mujeres;13.330
Sevilla;A la misma provincia;Extranjeros;Total;2.454
Sevilla;A la misma provincia;Extranjeros;Hombres;1.091
Sevilla;A la misma provincia;Extranjeros;Mujeres;1.363
Sevilla;A otras provincias;Total;Total;19.397
Sevilla;A otras provincias;Total;Hombres;9.901
Sevilla;A otras provincias;Total;Mujeres;9.496
Sevilla;A otras provincias;Españoles;Total;16.382
Sevilla;A otras provincias;Españoles;Hombres;8.360
Sevilla;A otras provincias;Españoles;Mujeres;8.022
Sevilla;A otras provincias;Extranjeros;Total;3.015
Sevilla;A otras provincias;Extranjeros;Hombres;1.541
Sevilla;A otras provincias;Extranjeros;Mujeres;1.474
Soria;Total;Total;Total;2.762
Soria;Total;Total;Hombres;1.413
Soria;Total;Total;Mujeres;1.349
Soria;Total;Españoles;Total;2.180
Soria;Total;Españoles;Hombres;1.101
Soria;Total;Españoles;Mujeres;1.079
Soria;Total;Extranjeros;Total;582
Soria;Total;Extranjeros;Hombres;312
Soria;Total;Extranjeros;Mujeres;270
Soria;A la misma provincia;Total;Total;1.079
Soria;A la misma provincia;Total;Hombres;561
Soria;A la misma provincia;Total;Mujeres;518
Soria;A la misma provincia;Españoles;Total;878
Soria;A la misma provincia;Españoles;Hombres;458
Soria;A la misma provincia;Españoles;Mujeres;420
Soria;A la misma provincia;Extranjeros;Total;201
Soria;A la misma provincia;Extranjeros;Hombres;103
Soria;A la misma provincia;Extranjeros;Mujeres;98
Soria;A otras provincias;Total;Total;1.683
Soria;A otras provincias;Total;Hombres;852
Soria;A otras provincias;Total;Mujeres;831
Soria;A otras provincias;Españoles;Total;1.302
Soria;A otras provincias;Españoles;Hombres;643
Soria;A otras provincias;Españoles;Mujeres;659
Soria;A otras provincias;Extranjeros;Total;381
Soria;A otras provincias;Extranjeros;Hombres;209
Soria;A otras provincias;Extranjeros;Mujeres;172
Tarragona;Total;Total;Total;32.516
Tarragona;Total;Total;Hombres;16.451
Tarragona;Total;Total;Mujeres;16.065
Tarragona;Total;Españoles;Total;24.399
Tarragona;Total;Españoles;Hombres;12.117
Tarragona;Total;Españoles;Mujeres;12.282
Tarragona;Total;Extranjeros;Total;8.117
Tarragona;Total;Extranjeros;Hombres;4.334
Tarragona;Total;Extranjeros;Mujeres;3.783
Tarragona;A la misma provincia;Total;Total;18.457
Tarragona;A la misma provincia;Total;Hombres;9.240
Tarragona;A la misma provincia;Total;Mujeres;9.217
Tarragona;A la misma provincia;Españoles;Total;14.502
Tarragona;A la misma provincia;Españoles;Hombres;7.176
Tarragona;A la misma provincia;Españoles;Mujeres;7.326
Tarragona;A la misma provincia;Extranjeros;Total;3.955
Tarragona;A la misma provincia;Extranjeros;Hombres;2.064
Tarragona;A la misma provincia;Extranjeros;Mujeres;1.891
Tarragona;A otras provincias;Total;Total;14.059
Tarragona;A otras provincias;Total;Hombres;7.211
Tarragona;A otras provincias;Total;Mujeres;6.848
Tarragona;A otras provincias;Españoles;Total;9.897
Tarragona;A otras provincias;Españoles;Hombres;4.941
Tarragona;A otras provincias;Españoles;Mujeres;4.956
Tarragona;A otras provincias;Extranjeros;Total;4.162
Tarragona;A otras provincias;Extranjeros;Hombres;2.270
Tarragona;A otras provincias;Extranjeros;Mujeres;1.892
Teruel;Total;Total;Total;4.711
Teruel;Total;Total;Hombres;2.436
Teruel;Total;Total;Mujeres;2.275
Teruel;Total;Españoles;Total;3.582
Teruel;Total;Españoles;Hombres;1.827
Teruel;Total;Españoles;Mujeres;1.755
Teruel;Total;Extranjeros;Total;1.129
Teruel;Total;Extranjeros;Hombres;609
Teruel;Total;Extranjeros;Mujeres;520
Teruel;A la misma provincia;Total;Total;1.682
Teruel;A la misma provincia;Total;Hombres;875
Teruel;A la misma provincia;Total;Mujeres;807
Teruel;A la misma provincia;Españoles;Total;1.248
Teruel;A la misma provincia;Españoles;Hombres;643
Teruel;A la misma provincia;Españoles;Mujeres;605
Teruel;A la misma provincia;Extranjeros;Total;434
Teruel;A la misma provincia;Extranjeros;Hombres;232
Teruel;A la misma provincia;Extranjeros;Mujeres;202
Teruel;A otras provincias;Total;Total;3.029
Teruel;A otras provincias;Total;Hombres;1.561
Teruel;A otras provincias;Total;Mujeres;1.468
Teruel;A otras provincias;Españoles;Total;2.334
Teruel;A otras provincias;Españoles;Hombres;1.184
Teruel;A otras provincias;Españoles;Mujeres;1.150
Teruel;A otras provincias;Extranjeros;Total;695
Teruel;A otras provincias;Extranjeros;Hombres;377
Teruel;A otras provincias;Extranjeros;Mujeres;318
Toledo;Total;Total;Total;28.984
Toledo;Total;Total;Hombres;14.552
Toledo;Total;Total;Mujeres;14.432
Toledo;Total;Españoles;Total;23.091
Toledo;Total;Españoles;Hombres;11.595
Toledo;Total;Españoles;Mujeres;11.496
Toledo;Total;Extranjeros;Total;5.893
Toledo;Total;Extranjeros;Hombres;2.957
Toledo;Total;Extranjeros;Mujeres;2.936
Toledo;A la misma provincia;Total;Total;10.355
Toledo;A la misma provincia;Total;Hombres;5.173
Toledo;A la misma provincia;Total;Mujeres;5.182
Toledo;A la misma provincia;Españoles;Total;8.613
Toledo;A la misma provincia;Españoles;Hombres;4.304
Toledo;A la misma provincia;Españoles;Mujeres;4.309
Toledo;A la misma provincia;Extranjeros;Total;1.742
Toledo;A la misma provincia;Extranjeros;Hombres;869
Toledo;A la misma provincia;Extranjeros;Mujeres;873
Toledo;A otras provincias;Total;Total;18.629
Toledo;A otras provincias;Total;Hombres;9.379
Toledo;A otras provincias;Total;Mujeres;9.250
Toledo;A otras provincias;Españoles;Total;14.478
Toledo;A otras provincias;Españoles;Hombres;7.291
Toledo;A otras provincias;Españoles;Mujeres;7.187
Toledo;A otras provincias;Extranjeros;Total;4.151
Toledo;A otras provincias;Extranjeros;Hombres;2.088
Toledo;A otras provincias;Extranjeros;Mujeres;2.063
Valencia/València;Total;Total;Total;84.621
Valencia/València;Total;Total;Hombres;42.725
Valencia/València;Total;Total;Mujeres;41.896
Valencia/València;Total;Españoles;Total;67.474
Valencia/València;Total;Españoles;Hombres;33.727
Valencia/València;Total;Españoles;Mujeres;33.747
Valencia/València;Total;Extranjeros;Total;17.147
Valencia/València;Total;Extranjeros;Hombres;8.998
Valencia/València;Total;Extranjeros;Mujeres;8.149
Valencia/València;A la misma provincia;Total;Total;59.813
Valencia/València;A la misma provincia;Total;Hombres;29.723
Valencia/València;A la misma provincia;Total;Mujeres;30.090
Valencia/València;A la misma provincia;Españoles;Total;50.112
Valencia/València;A la misma provincia;Españoles;Hombres;24.892
Valencia/València;A la misma provincia;Españoles;Mujeres;25.220
Valencia/València;A la misma provincia;Extranjeros;Total;9.701
Valencia/València;A la misma provincia;Extranjeros;Hombres;4.831
Valencia/València;A la misma provincia;Extranjeros;Mujeres;4.870
Valencia/València;A otras provincias;Total;Total;24.808
Valencia/València;A otras provincias;Total;Hombres;13.002
Valencia/València;A otras provincias;Total;Mujeres;11.806
Valencia/València;A otras provincias;Españoles;Total;17.362
Valencia/València;A otras provincias;Españoles;Hombres;8.835
Valencia/València;A otras provincias;Españoles;Mujeres;8.527
Valencia/València;A otras provincias;Extranjeros;Total;7.446
Valencia/València;A otras provincias;Extranjeros;Hombres;4.167
Valencia/València;A otras provincias;Extranjeros;Mujeres;3.279
Valladolid;Total;Total;Total;14.452
Valladolid;Total;Total;Hombres;7.196
Valladolid;Total;Total;Mujeres;7.256
Valladolid;Total;Españoles;Total;12.616
Valladolid;Total;Españoles;Hombres;6.261
Valladolid;Total;Españoles;Mujeres;6.355
Valladolid;Total;Extranjeros;Total;1.836
Valladolid;Total;Extranjeros;Hombres;935
Valladolid;Total;Extranjeros;Mujeres;901
Valladolid;A la misma provincia;Total;Total;7.787
Valladolid;A la misma provincia;Total;Hombres;3.882
Valladolid;A la misma provincia;Total;Mujeres;3.905
Valladolid;A la misma provincia;Españoles;Total;7.086
Valladolid;A la misma provincia;Españoles;Hombres;3.535
Valladolid;A la misma provincia;Españoles;Mujeres;3.551
Valladolid;A la misma provincia;Extranjeros;Total;701
Valladolid;A la misma provincia;Extranjeros;Hombres;347
Valladolid;A la misma provincia;Extranjeros;Mujeres;354
Valladolid;A otras provincias;Total;Total;6.665
Valladolid;A otras provincias;Total;Hombres;3.314
Valladolid;A otras provincias;Total;Mujeres;3.351
Valladolid;A otras provincias;Españoles;Total;5.530
Valladolid;A otras provincias;Españoles;Hombres;2.726
Valladolid;A otras provincias;Españoles;Mujeres;2.804
Valladolid;A otras provincias;Extranjeros;Total;1.135
Valladolid;A otras provincias;Extranjeros;Hombres;588
Valladolid;A otras provincias;Extranjeros;Mujeres;547
Zamora;Total;Total;Total;5.360
Zamora;Total;Total;Hombres;2.668
Zamora;Total;Total;Mujeres;2.692
Zamora;Total;Españoles;Total;4.685
Zamora;Total;Españoles;Hombres;2.320
Zamora;Total;Españoles;Mujeres;2.365
Zamora;Total;Extranjeros;Total;675
Zamora;Total;Extranjeros;Hombres;348
Zamora;Total;Extranjeros;Mujeres;327
Zamora;A la misma provincia;Total;Total;2.165
Zamora;A la misma provincia;Total;Hombres;1.087
Zamora;A la misma provincia;Total;Mujeres;1.078
Zamora;A la misma provincia;Españoles;Total;1.930
Zamora;A la misma provincia;Españoles;Hombres;963
Zamora;A la misma provincia;Españoles;Mujeres;967
Zamora;A la misma provincia;Extranjeros;Total;235
Zamora;A la misma provincia;Extranjeros;Hombres;124
Zamora;A la misma provincia;Extranjeros;Mujeres;111
Zamora;A otras provincias;Total;Total;3.195
Zamora;A otras provincias;Total;Hombres;1.581
Zamora;A otras provincias;Total;Mujeres;1.614
Zamora;A otras provincias;Españoles;Total;2.755
Zamora;A otras provincias;Españoles;Hombres;1.357
Zamora;A otras provincias;Españoles;Mujeres;1.398
Zamora;A otras provincias;Extranjeros;Total;440
Zamora;A otras provincias;Extranjeros;Hombres;224
Zamora;A otras provincias;Extranjeros;Mujeres;216
Zaragoza;Total;Total;Total;23.234
Zaragoza;Total;Total;Hombres;12.107
Zaragoza;Total;Total;Mujeres;11.127
Zaragoza;Total;Españoles;Total;17.204
Zaragoza;Total;Españoles;Hombres;8.740
Zaragoza;Total;Españoles;Mujeres;8.464
Zaragoza;Total;Extranjeros;Total;6.030
Zaragoza;Total;Extranjeros;Hombres;3.367
Zaragoza;Total;Extranjeros;Mujeres;2.663
Zaragoza;A la misma provincia;Total;Total;11.188
Zaragoza;A la misma provincia;Total;Hombres;5.534
Zaragoza;A la misma provincia;Total;Mujeres;5.654
Zaragoza;A la misma provincia;Españoles;Total;9.088
Zaragoza;A la misma provincia;Españoles;Hombres;4.519
Zaragoza;A la misma provincia;Españoles;Mujeres;4.569
Zaragoza;A la misma provincia;Extranjeros;Total;2.100
Zaragoza;A la misma provincia;Extranjeros;Hombres;1.015
Zaragoza;A la misma provincia;Extranjeros;Mujeres;1.085
Zaragoza;A otras provincias;Total;Total;12.046
Zaragoza;A otras provincias;Total;Hombres;6.573
Zaragoza;A otras provincias;Total;Mujeres;5.473
Zaragoza;A otras provincias;Españoles;Total;8.116
Zaragoza;A otras provincias;Españoles;Hombres;4.221
Zaragoza;A otras provincias;Españoles;Mujeres;3.895
Zaragoza;A otras provincias;Extranjeros;Total;3.930
Zaragoza;A otras provincias;Extranjeros;Hombres;2.352
Zaragoza;A otras provincias;Extranjeros;Mujeres;1.578
Ceuta;Total;Total;Total;2.485
Ceuta;Total;Total;Hombres;1.394
Ceuta;Total;Total;Mujeres;1.091
Ceuta;Total;Españoles;Total;2.283
Ceuta;Total;Españoles;Hombres;1.300
Ceuta;Total;Españoles;Mujeres;983
Ceuta;Total;Extranjeros;Total;202
Ceuta;Total;Extranjeros;Hombres;94
Ceuta;Total;Extranjeros;Mujeres;108
Ceuta;A la misma provincia;Total;Total;0
Ceuta;A la misma provincia;Total;Hombres;0
Ceuta;A la misma provincia;Total;Mujeres;0
Ceuta;A la misma provincia;Españoles;Total;0
Ceuta;A la misma provincia;Españoles;Hombres;0
Ceuta;A la misma provincia;Españoles;Mujeres;0
Ceuta;A la misma provincia;Extranjeros;Total;0
Ceuta;A la misma provincia;Extranjeros;Hombres;0
Ceuta;A la misma provincia;Extranjeros;Mujeres;0
Ceuta;A otras provincias;Total;Total;2.485
Ceuta;A otras provincias;Total;Hombres;1.394
Ceuta;A otras provincias;Total;Mujeres;1.091
Ceuta;A otras provincias;Españoles;Total;2.283
Ceuta;A otras provincias;Españoles;Hombres;1.300
Ceuta;A otras provincias;Españoles;Mujeres;983
Ceuta;A otras provincias;Extranjeros;Total;202
Ceuta;A otras provincias;Extranjeros;Hombres;94
Ceuta;A otras provincias;Extranjeros;Mujeres;108
Melilla;Total;Total;Total;3.035
Melilla;Total;Total;Hombres;1.698
Melilla;Total;Total;Mujeres;1.337
Melilla;Total;Españoles;Total;2.377
Melilla;Total;Españoles;Hombres;1.340
Melilla;Total;Españoles;Mujeres;1.037
Melilla;Total;Extranjeros;Total;658
Melilla;Total;Extranjeros;Hombres;358
Melilla;Total;Extranjeros;Mujeres;300
Melilla;A la misma provincia;Total;Total;0
Melilla;A la misma provincia;Total;Hombres;0
Melilla;A la misma provincia;Total;Mujeres;0
Melilla;A la misma provincia;Españoles;Total;0
Melilla;A la misma provincia;Españoles;Hombres;0
Melilla;A la misma provincia;Españoles;Mujeres;0
Melilla;A la misma provincia;Extranjeros;Total;0
Melilla;A la misma provincia;Extranjeros;Hombres;0
Melilla;A la misma provincia;Extranjeros;Mujeres;0
Melilla;A otras provincias;Total;Total;3.035
Melilla;A otras provincias;Total;Hombres;1.698
Melilla;A otras provincias;Total;Mujeres;1.337
Melilla;A otras provincias;Españoles;Total;2.377
Melilla;A otras provincias;Españoles;Hombres;1.340
Melilla;A otras provincias;Españoles;Mujeres;1.037
Melilla;A otras provincias;Extranjeros;Total;658
Melilla;A otras provincias;Extranjeros;Hombres;358
Melilla;A otras provincias;Extranjeros;Mujeres;300
